{"cameraMode":{"drawMode":0,"name":"Shaded","section":"Shading Mode"},"sceneLighting":false,"audioPlay":false,"sceneViewState":{"showFog":true,"showMaterialUpdate":false,"showSkybox":true,"showFlares":true,"showImageEffects":true,"showParticleSystems":true},"in2DMode":false,"pivot":{"x":2.215339422225952,"y":8.916306495666504,"z":28.768611907958986},"rotation":{"x":-0.0016521395882591606,"y":-0.9903361797332764,"z":0.1393648236989975,"w":-0.014817585237324238},"size":1.2124359607696534,"orthographic":false}