{"cameraMode":{"drawMode":0,"name":"Shaded","section":"Shading Mode"},"sceneLighting":false,"audioPlay":false,"sceneViewState":{"showFog":true,"showMaterialUpdate":false,"showSkybox":true,"showFlares":true,"showImageEffects":true,"showParticleSystems":true},"in2DMode":false,"pivot":{"x":-7.848421096801758,"y":0.5420552492141724,"z":14.416275978088379},"rotation":{"x":-0.025130653753876687,"y":-0.699903130531311,"z":-0.025360601022839547,"w":0.7136356234550476},"size":1.2124359607696534,"orthographic":false}