{"cameraMode":{"drawMode":0,"name":"Shaded","section":"Shading Mode"},"sceneLighting":false,"audioPlay":false,"sceneViewState":{"showFog":true,"showMaterialUpdate":false,"showSkybox":true,"showFlares":true,"showImageEffects":true,"showParticleSystems":true},"in2DMode":false,"pivot":{"x":1.045578956604004,"y":3.170637369155884,"z":12.750744819641114},"rotation":{"x":-0.15142014622688294,"y":-0.19838769733905793,"z":0.03223414719104767,"w":-0.9680470824241638},"size":1.2124359607696534,"orthographic":false}