{"cameraMode":{"drawMode":0,"name":"Shaded","section":"Shading Mode"},"sceneLighting":false,"audioPlay":false,"sceneViewState":{"showFog":true,"showMaterialUpdate":false,"showSkybox":true,"showFlares":true,"showImageEffects":true,"showParticleSystems":true},"in2DMode":false,"pivot":{"x":3.4196577072143556,"y":2.64284348487854,"z":-14.96033000946045},"rotation":{"x":-0.058414116501808169,"y":-0.047050703316926959,"z":-0.0026190688367933037,"w":0.9972701668739319},"size":1.948315143585205,"orthographic":true}